eughnea,104b4e3b-fad7-35c4-8d92-cf61480a1f71
hershey,13b988ae-bccf-3e05-ac1d-17dbd8bcbb53
cakedigger1,01271c07-607e-3011-854e-4acd9d95bf65
scream,afa06a03-b828-3943-b89e-332d9d2479b7
local_paste,103b9024-4c77-3552-a2be-cd55f831e0fe
renzorznertv,3f83cce2-6cd1-3f3e-8f19-fdf70dc1d160
jobiden,f209e1ea-f608-347b-a5b4-f24d19436957
stunned210,43ee08ee-21af-3b34-b766-6a6e4f18a98a
saadali507,27185302-e86e-3502-937f-d8a6e0e50db2
saad507,62afa002-8d80-3c00-9c37-d40a12d0782a
tbnrfr4gs,145624a1-0b9f-3390-92e5-4887e49b73b8
osnow,3a8b8125-df33-3bf9-87f0-34639660fcc7
enderkingg,d6331e03-4d4c-3d25-826c-2ad3fd2a85df
rimuru,94a2200a-15d5-336c-b460-da9d72a94c8b
t1m0thy,5c287116-763c-3f77-b8a6-4b33a08bb446
blackslayer8258,2efd6d3c-bad3-3d2a-98cb-4819e11143be
chevy2011,5615f3b7-7895-398b-acff-aa181728dd6c
aersh,bd5e29c0-33c9-304b-974c-207495d53fc3
ella_mae,f36776a7-948b-3944-b7b6-960d54bd6b3f
gamerthekiller,90b231f3-d503-3a7e-b190-1ba348591e0f
allencruz2607,2fdc635f-2cc4-3992-aa02-22922e61384b
ooooof,9070ac63-4167-34fc-8fef-949b4ece25a4
canrat,bf0ce53b-4a5d-3024-953b-279b5baa6c9a
flyingipis,dadd885d-64a2-3114-8618-5a18409860f4
reconburstz,3658e9e7-ce85-3fd8-a4a2-b0cb680fae84
notch,b50ad385-829d-3141-a216-7e7d7539ba7f
thoroak,a164351c-43f9-3e8f-a327-75bff32c3d88
ruinsss,29f69fef-96f2-32e1-935e-59374e8893d0
zekken,7aae7b4b-222b-3de4-9fad-6cf14c05cb27
xkwago,a001b64b-0425-3942-abf4-175a399b077c
piece43,35e1e6bb-9af3-335b-a69d-09b4717d2be7
sharklord,700df9f8-f2b4-3055-9d1d-a451e8c1fbb5
yourmom69,7acee2eb-b221-34a6-b433-58530abd2bd4
kilgrave,90c035c4-99b3-3078-b972-0da177bc949a
slime,a1a4c520-efb2-3f3b-bfa6-18dff8f81ef9
jeorgenolimit,a86574a7-91b9-34b9-a9a2-03bff023b6a7
s3norito,664083f0-e0c1-3eb0-8448-94582d0ee47b
_neznamy_,6603bf58-226d-3b2b-8f5e-2f5d89104533
encryptions,99e9f797-2313-3e35-820e-e9574137b10b
stevealike,a92ca4a4-d2d7-36d3-9c6c-6df8d1c4dd3b
towe2007,854bb841-dc09-3a71-8493-69e879a2b317
raymund,feeddd3e-f719-3163-915c-a1705c6dff7a
yowwwww,e8a7f54a-b9a6-3e20-b145-ec2a35c8ca45
makakalikasan,3bcc5aa5-99bb-344f-91e4-4d5fb012fabb
kreios,d61c6296-c283-3565-a8d1-768c07fcef67
abdulhadix,5fc3d0a1-3dcf-3e13-aa9c-e1a3b393b34a
akumu30,8eecf6fc-aea9-370e-906c-38ef5ef96977
realdream0945,aa099ab1-17bf-37f4-ba00-281a0e4ac408
qwerty1,38fdc5ca-ace8-3214-abb8-bca600610097
miko_,a8c8ef00-3f09-3a79-a7f6-dde841565cf8
qwerty3,a02b52d7-ce6d-3efe-a862-e9bb0bfa8458
qwerty2,5fd06e51-2d17-3ed9-a5f4-a4fa6cf00456
shadowgaming06,65965837-d342-36df-b066-ffd5112577f3
daniel1101,05347811-541d-3a16-b13e-9e84d0a5f45e
kittykayne,66c182cd-cbc3-3bda-96a1-8f9c8709567b
shiroiswhite,14e419be-41ed-3e3f-ae31-932907f6a97e
iambrad15,acc82a64-a004-3fa5-82c5-13bb44687182
kaktusik,80efba60-24a9-33d0-880c-d819cce4b6cb
kokusei,13df7063-fc3e-3502-aae5-75d9519e7f20
icanttieknots,38ff8172-a11c-3c5c-a592-5bb6476218ad
elvlup,139861e0-9b77-3a06-9918-e6843aff8d15
abdo2009,d8d099cc-fe00-3d75-af40-2eec5d46b97b
hachikooooooo,1604f999-6e2d-385c-9229-d0869d3160da
icigool,f77e8931-e013-362e-b6dc-b1343016bbce
jansong_,e0a8dea0-aed5-33a1-a20b-012408862d2b
chukky,6769bf28-1d32-35bc-96a9-f62c7f02f0ed
johnpvp,1ce05f6c-22a4-347a-ab73-ca343ad20d95
localpasta,ab881b67-7554-3a78-a976-c981430cd785
lunarac,09db20e6-cd0d-3b06-bff2-5c60db869ab8
toshiromisato,0649fa8a-ae43-3598-b334-c966312c2ad5
f777hypixel,4cee5293-12bb-3c51-be45-d41a0928ae05
xeraphym,f8c70e23-e85d-3161-9abd-ff9674f1fb43
potatosannn,de34354f-4067-340e-ad41-ce81f0687e9c
liamjoseph,7e6e65c9-efab-3223-93f6-9062f30abd78
ochminecraft,3654cfbc-9d35-34ff-8a1d-01300100e847
nightmarefordrm,e7ef348a-54ce-3e70-a8f4-d3699fd768ea
proryavin,1f58777e-f00c-34d3-a15e-39d163340dd7
itswishes,a8a47c06-f2d2-3d72-8760-2d4779d6a2b9
jihyoo,073043cf-1f2b-3909-a71a-5f3ae1e3605d
popbob,b290f5cb-54e4-3af0-8943-8d4f2c40c52b
hajrudin22_bro,bd2c3521-7f36-3fca-adbd-fb2bfdbf35f3
jeffrey189,c13f11a2-079f-3b3d-9e9f-76d77e778687
eriiix,89ae8fdc-223a-337f-b524-d95cc0a28fc4
z3nspyder616,b4feff66-f165-3bdc-9b3a-c46b795ee014
theefalcon0001,b259a4f9-638d-3719-bc20-86789328e4e2
carl_0x0,265a687d-6c2a-3aa2-8071-33f591224ca3
greylightmoon,22d41428-a44d-38e2-a18b-c11f90550ef5
harumeegamer,5495bf85-44ba-32fe-ab92-0dce7f8bf92d
sizzlingtokwa,fc0691f4-f7bd-390e-9deb-fffe2a05c16a
the__falcon001_,b2217787-cc3e-3d02-9c40-1c85048ed1bc
enitsuj,097f689b-1349-3eea-8d85-fa5a524712be
microhazard,7f6d17d5-b218-3d5f-ab4d-53c7db0770c7
nonelike,69f83f49-e244-3b8c-9727-41c8194f15a8
yeminise,f1bc56c3-b645-3f16-9f22-50abc2f0879c
maximoox,768558a9-d7fa-323c-b3de-aa1d54e54ffc
thedream11,7ce1835a-cba2-3481-a089-0e6f1de89855
mamboo002,139035b4-c3f5-3243-9b7d-f2c58deaa77e
marzpet,06675ceb-ceb4-3c69-b258-bad1168592d4
maxddestroyer,a06e0bcf-6a1c-3999-9db0-4ec34faa4e43
jay13gaming,36e4a368-1e7c-3f4e-8804-3efda9b3df5f
plainy,9a46cb96-974e-3f4a-b1a3-6999e3fb6846
h_nick_h,3afff5c9-c330-3933-a256-a6ed82dd1ad2
mirakulo,80b0c070-2608-3605-a174-53cd38bf1964
119036me,55eacd92-16d0-326a-a1b0-18e117629897
lildicc,2f35bde2-3bfe-3cce-a615-b34d58c70567
jalnatpawnd,faf0db4a-3351-38f7-981f-f62ede890b87
kleyzen,1880c6a8-a56c-33cf-8ded-018e3f03605b
wxnnie,724c8332-64f0-34bc-9989-3ac230e5bb2b
smithereenies,84c5fdf0-905c-3896-b844-4882c519328f
mahenzudaro,e9933705-b1df-36c4-8538-2b1ca2fa7823
lealglenn,ff8b607f-a320-3030-b439-7bbaf4b47c94
imthelonely1yt,b9068973-97b3-3510-8565-57a63aab65e2
vincentsu10,532df8c7-8042-391f-b38b-706662a6dbc1
euphorio,af0faaae-197c-3c97-95ec-52acb7d103fc
pyrocluster,34b0fc88-b071-33bb-a0bd-a09f8351bd04
sheikhraunaq,a1dcb144-6856-3036-8d55-04c465603ff1
jerome,5c56b261-478f-3064-b00c-e3661097b269
herobrine,25966168-dc9c-360c-8f32-ed022bfa1070
flexboy,5a7bc055-85e3-346a-b3f9-0ba829d5ead6
jharewin,4051f108-cfdb-31aa-b57c-3f917c183548
wakandoll,311be947-205f-377b-82b0-3f686377cc34
p1axzy,65e55949-538f-3455-a449-19e27fc77bd7
casual_icarl,02374aca-ffa9-3ac1-9e67-7e222890e842
jyz,81439583-f2d7-3661-8b29-07c9be82f17d
berriesblade,d3dabc85-1a33-3e20-a95e-983dc56eca67
nashclicz,05159bdf-1b3c-3c14-b340-6058b66d8cd6
zhane,c807fbda-bd29-3e10-9a1e-4532767d669e
anonimfire,187b95e1-13a8-30d6-86ba-28c3036a72d4
rune,4b54aa05-ed8f-3688-8f4f-06522a0c0c49
black_plasma,ac26a291-3ca2-3a39-b4f3-b22e9bedb547
tomariscool,a031bf63-415f-315e-a724-7747251c9e86
shopkeeper,21e437e3-aabf-3033-9702-1c9fba6e9777
siphon,24a28ae5-4a5f-315b-8173-1dad205b6315
zackshortstuff,62ab947f-aea6-385f-8dac-5357a3e63049
koyahans,ef933a34-5ec0-36f1-80ec-c077b63a5583
denmarlprotom,2a56ad1d-84a5-375a-bbd8-4dbf50a9ab4e
coupdegrace1,2ef372f0-75fb-3e2b-a516-364c9836704a
_mrwood,397e23de-c4c9-3a30-a944-049f69cc4849
alfredmcpro1212,7fdc5b50-5efc-3acd-b81f-92159244bba4
ahmedfri,fe1f1c16-9eac-3e1c-8063-946547af0088
enderstyve,24d69144-45eb-3378-b01d-b980c1c2dbb5
terdiii,a6f3fa18-c47b-3b9a-97db-fd1d5d237748
miggylasu,b8d0e64a-b0c8-3282-87bb-94b9132dd66b
sghansen,fa67eede-5be1-3134-b2a2-3d300e842018
punisher1907,21b2ab40-4f83-39f6-ac96-cc3ea1b0940f
jabberwock14,0245ab21-e541-3dcd-9dca-46ae34feddf2
shaqkingyt,3a1749c9-fe8c-3d3e-94f9-1ccf14fc4c8d
hello,ccb1513b-af3a-39d7-9511-f49fa09e0186
morgpie,831fcf53-ebf7-343d-a5e8-783fe336bc0a
rkteq,9a3e45ed-2136-3ef2-83ab-e469563fb622
princess_coco99,bf8b0a43-8785-3a17-b15a-0bbc99cb9811
tarpaulinftw,a248d9e9-10e7-3491-a928-7938a5af6dfe
tonyxz,15337896-f355-34cb-aacd-9b9e70b84f9b
gian0912,8cc59595-f55f-3955-8de6-19e8953a8501
xxdomengxx,30c43408-61c2-3afe-be01-ca652636bcae
jaydumon,8df93e06-e69d-3711-ac03-96c4c371df8a
dextrousparty55,e98b2def-ce8b-3797-ac56-9b5ad429ee39
kyle,86ee4156-bab0-3abc-9539-e926447d9e22
hachikooo,c12f2ef6-515e-388f-89ec-dcb728847149
cake1,de09744f-9b65-3f05-99c5-92c6fbdc8671
mizr4ch,e25e59bf-6c62-3ca3-a04a-b6ecb2c62a25
siena0327,7d155828-3f04-3ad6-ac79-f35e050970de
kingregz,001f3ab7-04bb-346b-b34a-d3b027a92658
lonz2020,e53d6e2a-5967-31b4-a0ea-f757a15a0cf7
zadge,18f23c3b-e519-3313-9f6f-c884acda915f
yoshebi,b7a239c3-7671-3601-8034-e6acea7019ea
wenn19,ee242b18-e307-34e5-9885-aeeaf98024ce
doowee,5e48c9b2-5b38-31e9-ae55-7fdf89d89310
kalata_btw345,4bd0ffcf-c544-3373-b0eb-cc2fd981e8d7
scotteh,8df7f7bc-2e23-3565-bc4d-edb7959c04b5
hashkey19,f3fe9950-e5f0-3b43-9dad-339fe4271662
slippy3k,79f9aa65-4fb9-32fd-9a8d-da482f7ce634
poptopgamer,cbe560c2-2ac2-3538-ad0b-180211df2409
rdsummer,44522588-7fa7-3632-a4eb-6c1c442718c6
kiritosenpai13,90d62265-cefd-3038-ad95-ce7e3ad98627
achluophobia_,3ad35eec-3c66-389c-b879-0f3a913d5e69
aukijo,b131ca33-a446-3e01-8098-ce341ef84fb1
janruther,453101cd-e734-3f3e-9311-8a80d80401e8
yanyan09,c5da0db4-3a47-3922-af33-e86d87118473
marcccccccc,fa231d97-ade3-347b-aa4b-f80e40cd083e
grian7467,59a71211-19c1-3cfe-b743-1f6c8f7ae276
screen,d35a57d0-a05f-30bd-8bb6-251fbecb71aa
calmurtits,35fd6848-2161-3082-8ab4-5111f6c74932
kaikun,ac63bbf4-d465-3466-acc4-8460671d2cd1
matausuario,164cc1bb-528e-3db3-b3d2-7fcc1815041c
arktonish,9189c083-d1e1-3bd2-8976-8a601b2325bd
0games_,41ce5167-316d-39dc-8297-515384969eaa
kurlangelo,5b08b5f1-119a-32a5-b494-536a6946ca77
host,a5316c88-2c08-3763-a815-ea730b4e4b7f
nseun,3fd62885-0b9d-3087-8816-2e9909a3ac1a
usernamee121,62fd6d42-a2c6-3f9e-9563-f5a9c1e8fa1c
nv__,e5903eed-48d5-35c9-b9ed-41e03f482a95
adorely,973f875b-75ff-3668-8984-ac2ef6836642
ahmedw,648697d0-d154-34e0-aefa-011a08597e96
ahmedx,ad3b4670-b95d-30da-8296-5b663a05b14d
bababoy1234,92e25e1f-0c1b-3fb8-9cc6-d13abbd0622c
kentjamesplayz,091d8454-6d26-36be-92e5-77f06f525531
multavit,d649d7c8-103f-37df-9b97-c2c1ffb69826
ahmedz,b2bba33b-7b40-37eb-89a1-5e28545fc071
gerboxxx,153ce770-4835-3772-81a8-de0f3965ab06
itzwield,8b8ed7d5-7459-3424-91d7-91ddd56f5ba8
xd_parkour999,032158bf-0198-3c49-a722-9dfc1bd7e33c
iliksander,4e7fcdf9-056c-3252-b9cc-873f3697c86d
aceeeeeeee,89e2ccde-6aff-3904-927b-778fbbb6e52e
brutalwarrior,1b85bcdb-f0de-34cd-a339-6bb28267ffb8
joshua90123,6053fa84-3d6c-3380-a8dc-6ea09b2d93a3
ahmedg,852dcd91-0f27-3727-bac1-03025b80cb08
imoogi27,208bd902-525c-3057-ab11-76d863cc9b62
aksjfhakshd,86e0feca-7872-3a41-80e8-dd915a78b762
dream,e6135a83-d680-39d6-b4be-65a3d8bb97ad
rynzzz,115f3b2b-c764-3cda-9d60-5222dd13f6f0
naruto_hd,64e964bb-d706-3116-bec1-2e85b9fcd530
kana,766eb707-f1b3-3d1b-91f3-f4124b96af54
eivan500,8c52f807-3d43-32db-8155-14aa06c5ac27
lemmhij,8b8096e4-63d2-3bfa-b4bc-5d6d7f4539a4
curimau,4d35fdd8-8b95-34ac-b26a-46c98b289f09
ahmed_,90d3dacc-7896-358d-9cab-c80af17adcd8
shinjaaa,b6894efc-550e-36df-940d-048462fc58d2
stiib,4b0a966c-8896-35a7-b1b5-46501a4d033f
coupdegrace,f9b6d207-ae9a-3a13-9dcc-6c80aea4a307
s1lv3rspy,5ed6a4bc-6d83-3c55-b401-6b0991f0a77f
ahmeda,bf3504b9-fba4-3258-805b-88ccdef5bf3c
ahmedb,34c64ae1-6ece-38a2-816e-7b020d453b4d
itslukeyt,51f80d98-6b30-3716-9195-d74b42f8dea2
tempest,c92fd15b-116f-374f-a601-2f4e784a2015
bandiola123,ca944990-9be4-36b7-94ba-bf760418282f
tgmatt,e0daa651-f4dc-35a1-87ab-d93600c03b98
sepaikazu,65d8d657-0825-3f00-858b-12c6f7bd49c0
jelly,c4cf61b9-e6ca-377f-9002-c6976e3b3017
shubanms,106a2a24-9c82-3d73-9759-151ac7399833
evilution,d48f8869-9cd9-33b8-89ec-4e126e356dac
levi,dd488042-fc46-377c-818e-4e2591cce5e9
pabsarsonista,d38bf642-7bd7-3447-b693-f98e4cebd91b
spookyangle,d132ba32-970b-3c71-8a79-15a982e8f546
ahmedpp,20a6884d-e73e-34b0-a7ed-59f547492a01
herobrien,1a3906de-4306-388f-928c-bda6547b015c
administrator_,055f373d-0a0c-3e2f-94bf-340568f6f13e
blueishvlad24,0387ab62-6a57-3c10-84b2-4efde267917e
saitama,6feef294-7e28-3497-bd05-86558cb1824d
altacis,67abc40a-4d7f-377c-be12-083ce813a0ef
jaydumanon,0aa68bf2-6716-30e8-9865-9a73485191ba
slendykundesu,fc2f5316-2426-3c7c-80b3-29dac88431a8
ilabyuo,70a4bea8-075e-31bd-aaea-d743c6f7a55e
skylzpogi,88f444e3-58cd-3184-b491-57af64a4e904
maple,d6bc7dd6-eff4-3ef9-9e44-2af26c2b6ba2
techno2132,5c6eac0f-b12f-3c4d-a8fa-ef1d19ba7920
sexmanhatekpop,b40ca15d-d94a-3951-959a-d8f2f4b7d8a6
homeboyvic167,9255702b-458e-3c66-a1ae-390e3ea8e28d
45_,9e9d4087-9200-3158-91e0-af02f790a83a
